V_set,V_tp,I_in,P_in,V_out,P_out,Load,PWM,Duty,Deadtime
0.45,0.304856,0.044365844,0.0199646298,0.000298,8.880399999999999e-11,1000,30000,830,250
0.45,0.203716,0.075138298,0.033812234100000005,0.84572,0.0007152423184000001,1000,20000,800,250
0.45,0.20090919999999998,0.075964318,0.0341839431,0.874706,0.000765110586436,1000,20000,810,250
0.45,0.198569,0.076678442,0.0345052989,0.9093,0.00082682649,1000,20000,820,250
0.45,0.1960632,0.07744731200000002,0.03485129040000001,0.946726,0.0008962901190759998,1000,20000,830,250
0.45,0.19331979999999999,0.07828462,0.035228079,0.9868120000000001,0.0009737979233440003,1000,20000,840,250
0.45,0.19016319999999998,0.079231416,0.0356541372,1.02923,0.0010593143929,1000,20000,850,250
0.45,0.2231616,0.06923129600000001,0.031154083200000005,0.986678,0.0009735334756840001,1000,25000,800,250
0.45,0.22040120000000002,0.07008228,0.031537026,1.0370240000000002,0.0010754187765760004,1000,25000,810,250
0.45,0.21717940000000002,0.071055646,0.0319750407,1.091764,0.001191948631696,1000,25000,820,250
0.45,0.2171392,0.07106852999999999,0.0319808385,1.0913460000000001,0.0011910360917160004,1000,25000,830,250
0.45,0.213556,0.072151382,0.0324681219,1.152104,0.0013273436268159999,1000,25000,840,250
0.45,0.2094376,0.073389624,0.0330253308,1.2180600000000001,0.0014836701636000002,1000,25000,850,250
0.45,0.2359212,0.06536923800000001,0.029416157100000007,1.102004,0.001214412816016,1000,30000,800,250
0.45,0.23601340000000004,0.065341862,0.0294038379,1.102628,0.001215788506384,1000,30000,810,250
0.45,0.232261,0.06648832,0.029919744,1.1731019999999999,0.0013761683024039997,1000,30000,820,250
0.45,0.22788339999999999,0.067786136,0.0305037612,1.253194,0.0015704952016359999,1000,30000,830,250
0.45,0.22788459999999996,0.06779257999999999,0.030506660999999997,1.2527560000000002,0.0015693975955360004,1000,30000,840,250
0.45,0.2227776,0.069345618,0.0312055281,1.3423539999999998,0.0018019142613159996,1000,30000,850,250
0.45,0.2427734,0.06327356599999999,0.028473104699999995,1.186148,0.0014069470779039998,1000,35000,800,250
0.45,0.2428478,0.06325022,0.028462598999999998,1.1866679999999998,0.0014081809422239998,1000,35000,810,250
0.45,0.238168,0.06465430600000001,0.029094437700000003,1.2790560000000002,0.0016359842511360005,1000,35000,820,250
0.45,0.23817780000000002,0.06466316400000001,0.029098423800000005,1.279026,0.001635907508676,1000,35000,830,250
0.45,0.23252379999999997,0.066382858,0.029872286100000003,1.3846980000000002,0.0019173885512040005,1000,35000,840,250
0.45,0.23253680000000002,0.06639091,0.0298759095,1.3844280000000002,0.0019166408871840006,1000,35000,850,250
0.45,0.2498304,0.061137646000000004,0.0275119407,1.201,0.0014424010000000003,1000,40000,800,250
0.45,0.24476079999999997,0.062669742,0.0282013839,1.307896,0.0017105919468159998,1000,40000,810,250
0.45,0.2447658,0.06267376799999999,0.028203195599999998,1.30751,0.0017095824000999999,1000,40000,820,250
0.45,0.238375,0.064605196,0.029072338200000002,1.4320860000000002,0.0020508703113960008,1000,40000,830,250
0.45,0.238377,0.064604392,0.029071976399999998,1.4320819999999999,0.0020508588547239995,1000,40000,840,250
0.45,0.229889,0.067184736,0.0302331312,1.5725840000000002,0.0024730204370560006,1000,40000,850,250
0.45,0.2548494,0.059610374,0.0268246683,1.218262,0.001484162300644,1000,45000,800,250
0.45,0.2492006,0.061326842000000006,0.027597078900000002,1.342338,0.0018018713062440002,1000,45000,810,250
0.45,0.2491978,0.06132362,0.027595629,1.3423640000000001,0.0018019411084960002,1000,45000,820,250
0.45,0.241749,0.063589164,0.028615123800000003,1.4899600000000002,0.0022199808016000007,1000,45000,830,250
0.45,0.24170659999999997,0.063603654,0.0286216443,1.489688,0.0022191703373439994,1000,45000,840,250
0.45,0.2416982,0.06361734399999999,0.028627804799999997,1.48919,0.0022176868561,1000,45000,850,250
0.45,0.2559728,0.059273034,0.0266728653,1.266918,0.001605081218724,1000,50000,800,250
0.45,0.2560188,0.05925452,0.026664534,1.267266,0.001605963114756,1000,50000,810,250
0.45,0.2492636,0.061307513999999994,0.0275883813,1.414446,0.0020006574869160004,1000,50000,820,250
0.45,0.24921920000000003,0.061329256,0.0275981652,1.414112,0.001999712748544,1000,50000,830,250
0.45,0.2397722,0.064195402,0.0288879309,1.590242,0.002528869618564,1000,50000,840,250
0.45,0.2396878,0.06419782,0.028889019000000002,1.589578,0.0025267582180839997,1000,50000,850,250
0.45,0.2564072,0.059130536,0.0266087412,1.324798,0.0017550897408039998,1000,55000,800,250
0.45,0.25641499999999995,0.059132144,0.0266094648,1.324212,0.0017535374209439998,1000,55000,810,250
0.45,0.24802240000000003,0.061675448,0.0277539516,1.5028700000000002,0.0022586182369000005,1000,55000,820,250
0.45,0.2479848,0.06168752400000001,0.027759385800000005,1.502726,0.0022581854310759998,1000,55000,830,250
0.45,0.2480062,0.06168108400000001,0.027756487800000007,1.501952,0.002255859810304,1000,55000,840,250
0.45,0.2344346,0.0658225,0.029620125000000004,1.6923940000000002,0.0028641974512360006,1000,55000,850,250
0.45,0.26148340000000003,0.057612925999999995,0.0259258167,1.246884,0.0015547197094560004,1000,60000,800,250
0.45,0.25396080000000004,0.059893765999999994,0.026952194699999998,1.4234,0.00202606756,1000,60000,810,250
0.45,0.2539376,0.05989457,0.026952556500000002,1.4226940000000001,0.0020240582176360004,1000,60000,820,250
0.45,0.2539228,0.059898596000000005,0.026954368200000002,1.423388,0.0020260333985440003,1000,60000,830,250
0.45,0.24236080000000002,0.063416872,0.0285375924,1.6369399999999998,0.0026795725635999994,1000,60000,840,250
0.45,0.242304,0.06342975199999999,0.028543388399999998,1.6362959999999998,0.0026774645996159993,1000,60000,850,250
