V_set,V_tp,I_in,P_in,V_out,P_out,Load,PWM,Duty,Deadtime,ADC_V_out,ADC_VCC,V_motor,ADC_Vmotor,error,V_VCC,ADC_VCC
0.35,1.888526667,0.052303033,0.018306062,0.931573333,0.001735658,1024,30000,850,0,1265,1891,0.930206667,148930000,148929.0698,1.888526667,1891
0.35,2.151266667,0.0483017,0.016905595,1.11684,0.002494663,500,30000,850,1,1336,2140,1.032986667,1481,0.448013333,2.151266667,2140
0.35,2.057696667,0.04938321,0.017284123,1.08809,0.00236788,500,30000,850,2,1361,2063,1.038116667,1485,0.446883333,2.057696667,2063
0.35,1.97321,0.05034665,0.017621328,1.065163333,0.002269146,500,30000,850,3,1388,1982,1.031986667,1478,0.446013333,1.97321,1982
0.35,1.915233333,0.05120542,0.017921897,1.04511,0.00218451,500,30000,850,4,1405,1919,1.034636667,1477,0.442363333,1.915233333,1919
0.35,1.86247,0.051975627,0.018191469,1.026563333,0.002107665,1000,30000,850,5,1424,1868,1.037486667,1477,0.439513333,1.86247,1868
0.35,1.867893333,0.05250431,0.018376509,0.938603333,0.001761952,1000,31000,850,0,1295,1869,1.035293333,1474,0.438706667,1.867893333,1869
0.35,2.11739,0.04866802,0.017033807,1.128476667,0.002546919,1000,31000,850,1,1377,2110,1.032676667,1471,0.438323333,2.11739,2110
0.35,2.01203,0.049791127,0.017426894,1.093063333,0.002389575,1000,31000,850,2,1399,2017,1.028126667,1464,0.435873333,2.01203,2017
0.35,1.932246667,0.050757247,0.017765036,1.06319,0.002260746,1000,31000,850,3,1423,1935,1.031386667,1467,0.435613333,1.932246667,1935
0.35,1.875373333,0.05157308,0.018050578,1.041836667,0.002170847,1000,31000,850,4,1438,1880,1.045533333,1481,0.435466667,1.875373333,1880
0.35,1.828836667,0.05231511,0.018310288,1.023283333,0.002094218,1000,31000,850,5,1454,1831,1.023283333,1454,0.430716667,1.828836667,1831
0.35,1.876986667,0.052097737,0.018234208,0.927513333,0.001720562,1000,32000,850,0,1269,1876,1.051333333,1482,0.430666667,1.876986667,1876
0.35,2.137026667,0.048049437,0.016817303,1.117396667,0.002497151,1000,32000,850,1,1341,2137,1.026243333,1455,0.428756667,2.137026667,2137
0.35,2.040023333,0.049204753,0.017221664,1.08692,0.00236279,1000,32000,850,2,1369,2041,1.032986667,1461,0.428013333,2.040023333,2041
0.35,1.95746,0.05016416,0.017557456,1.063223333,0.002260888,1000,32000,850,3,1396,1962,1.036233333,1461,0.424766667,1.95746,1962
0.35,1.903023333,0.05100683,0.017852391,1.043766667,0.002178898,1000,32000,850,4,1417,1905,1.049356667,1474,0.424643333,1.903023333,1905
0.35,1.851743333,0.051763617,0.018117266,1.026166667,0.002106036,1000,32000,850,5,1432,1855,1.037913333,1462,0.424086667,1.851743333,1855
0.35,1.859673333,0.052309743,0.01830841,0.933463333,0.001742708,1000,33000,850,0,1296,1859,1.027773333,1451,0.423226667,1.859673333,1859
0.35,2.11714,0.048402337,0.016940818,1.131016667,0.002558397,1000,33000,850,1,1369,2112,1.053296667,1474,0.420703333,2.11714,2112
0.35,2.015316667,0.049528137,0.017334848,1.09681,0.002405984,1000,33000,850,2,1400,2019,1.03896,1459,0.42004,2.015316667,2019
0.35,1.935763333,0.050511693,0.017679093,1.067,0.002276978,1000,33000,850,3,1424,1936,1.038133333,1457,0.418866667,1.935763333,1936
0.35,1.874716667,0.051326183,0.017964164,1.045063333,0.002184315,1000,33000,850,4,1438,1879,1.03154,1450,0.41846,1.874716667,1879
0.35,1.82549,0.05206419,0.018222467,1.026243333,0.002106351,1000,33000,850,5,1455,1830,1.02697,1445,0.41803,1.82549,1830
0.35,1.875936667,0.051962213,0.018186775,0.920233333,0.001693659,1000,34000,850,0,1262,1875,1.036356667,1453,0.416643333,1.875936667,1875
0.35,2.151576667,0.047719347,0.016701771,1.120233333,0.002509845,1000,34000,850,1,1336,2143,1.028533333,1445,0.416466667,2.151576667,2143
0.35,2.043153333,0.04888271,0.017108949,1.08946,0.002373846,1000,34000,850,2,1367,2050,1.05391,1470,0.41609,2.043153333,2050
0.35,1.959013333,0.049895797,0.017463529,1.06604,0.002272883,1000,34000,850,3,1399,1967,1.048803333,1462,0.413196667,1.959013333,1967
0.35,1.902633333,0.050735777,0.017757522,1.046616667,0.002190813,1000,34000,850,4,1418,1906,1.038106667,1451,0.412893333,1.902633333,1906
0.35,1.85197,0.051508673,0.018028036,1.02958,0.00212007,1000,34000,850,5,1439,1859,1.03439,1446,0.41161,1.85197,1859
0.35,1.850826667,0.05227888,0.018297608,0.929943333,0.001729589,1000,35000,850,0,1295,1852,1.032293333,1443,0.410706667,1.850826667,1852
0.35,2.113283333,0.048285593,0.016899958,1.136473333,0.002583143,1000,35000,850,1,1380,2106,1.051246667,1461,0.409753333,2.113283333,2106
0.35,2.001353333,0.049452987,0.017308545,1.098366667,0.002412819,1000,35000,850,2,1410,2008,1.053446667,1463,0.409553333,2.001353333,2008
0.35,1.918233333,0.05043655,0.017652792,1.065793333,0.002271831,1000,35000,850,3,1435,1921,1.02958,1439,0.40942,1.918233333,1921
0.35,1.861983333,0.051237623,0.017933168,1.044926667,0.002183743,1000,35000,850,4,1449,1867,1.03123,1440,0.40877,1.861983333,1867
0.35,1.816316667,0.05197697,0.01819194,1.028126667,0.002114089,1000,35000,850,5,1464,1820,1.05153,1459,0.40747,1.816316667,1820
0.35,1.86232,0.052002467,0.018200863,0.919903333,0.001692444,1000,36000,850,0,1271,1861,1.026166667,1432,0.405833333,1.86232,1861
0.35,2.1309,0.047794487,0.01672807,1.127266667,0.00254146,1000,36000,850,1,1357,2129,1.047716667,1452,0.404283333,2.1309,2129
0.35,2.0204,0.04896188,0.017136658,1.093916667,0.002393307,2000,36000,850,2,1388,2027,1.044926667,1449,0.404073333,2.0204,2027
0.35,1.94267,0.049962883,0.017487009,1.067973333,0.002281134,2000,36000,850,3,1415,1946,1.02973,1431,0.40127,1.94267,1946
0.35,1.89005,0.050798847,0.017779596,1.048536667,0.002198858,2000,36000,850,4,1438,1893,1.03251,1433,0.40049,1.89005,1893
0.35,1.83894,0.051554297,0.018044004,1.03154,0.00212815,2000,36000,850,5,1450,1842,1.029513333,1427,0.397486667,1.83894,1842
0.35,1.839866667,0.05233792,0.018318272,0.92838,0.001723779,2000,37000,850,0,1301,1840,1.026563333,1424,0.397436667,1.839866667,1840
0.35,2.097263333,0.048379527,0.016932834,1.14361,0.002615688,2000,37000,850,1,1400,2093,1.033956667,1431,0.397043333,2.097263333,2093
0.35,1.98967,0.04953887,0.017338605,1.102373333,0.002430454,2000,37000,850,2,1424,1990,1.041836667,1438,0.396163333,1.98967,1990
0.35,1.905956667,0.05049425,0.017672987,1.069396667,0.002287218,2000,37000,850,3,1449,1909,1.05561,1451,0.39539,1.905956667,1909
0.35,1.854283333,0.051291297,0.017951954,1.048803333,0.002199977,2000,37000,850,4,1462,1857,1.06673,1462,0.39527,1.854283333,1857
0.35,1.810666667,0.05198234,0.018193819,1.031986667,0.002129993,2000,37000,850,5,1478,1813,1.049846667,1445,0.395153333,1.810666667,1813
0.35,1.848076667,0.052017227,0.018206029,0.919026667,0.00168922,2000,38000,850,0,1274,1848,1.071236667,1466,0.394763333,1.848076667,1848
0.35,2.112976667,0.04785621,0.016749674,1.134353333,0.002573515,2000,38000,850,1,1371,2121,1.025926667,1420,0.394073333,2.112976667,2121
0.35,2.000343333,0.04904105,0.017164368,1.096846667,0.002406145,2000,38000,850,2,1406,2008,1.05218,1446,0.39382,2.000343333,2008
0.35,1.921713333,0.05002998,0.017510493,1.06742,0.002278771,2000,38000,850,3,1432,1926,1.045063333,1438,0.392936667,1.921713333,1926
0.35,1.867126667,0.050855203,0.017799321,1.047716667,0.00219542,2000,38000,850,4,1452,1873,1.04574,1438,0.39226,1.867126667,1873
0.35,1.821753333,0.051566373,0.018048231,1.031386667,0.002127517,2000,38000,850,5,1467,1828,1.04552,1437,0.39148,1.821753333,1828
0.35,1.823133333,0.052390253,0.018336589,0.92642,0.001716508,2000,39000,850,0,1312,1823,1.048536667,1438,0.389463333,1.823133333,1823
0.35,2.082543333,0.048451987,0.016958195,1.15007,0.002645322,2000,39000,850,1,1418,2077,1.053683333,1443,0.389316667,2.082543333,2077
0.35,1.964843333,0.049632797,0.017371479,1.101623333,0.002427148,2000,39000,850,2,1444,1968,1.054386667,1443,0.388613333,1.964843333,1968
0.35,1.883423333,0.05055329,0.017693651,1.06673,0.002275826,2000,39000,850,3,1462,1887,1.031786667,1420,0.388213333,1.883423333,1887
0.35,1.830406667,0.05133289,0.017966511,1.045533333,0.00218628,2000,39000,850,4,1481,1835,1.0346,1422,0.3874,1.830406667,1835
0.35,1.890396667,0.052307063,0.018307472,0.931396667,0.001735,2000,30000,850,0,1271,1885,1.074403333,1461,0.386596667,1.890396667,1885
0.35,2.161266667,0.0483017,0.016905595,1.11696,0.002495199,2000,30000,850,1,1325,2158,0.92016,1306,0.38584,2.161266667,2158
0.35,2.054583333,0.04942749,0.017299621,1.087076667,0.002363471,2000,30000,850,2,1356,2061,0.92642,1312,0.38558,2.054583333,2061
0.35,1.97227,0.050407027,0.017642459,1.06309,0.002260321,2000,30000,850,3,1390,1976,1.032683333,1418,0.385316667,1.97227,1976
0.35,1.911723333,0.051252387,0.017938335,1.043916667,0.002179524,2000,30000,850,4,1410,1914,1.07077,1456,0.38523,1.911723333,1914
0.35,1.864803333,0.05201186,0.018204151,1.025926667,0.002105051,2000,30000,850,5,1420,1867,1.07564,1459,0.38336,1.864803333,1867
0.35,1.869523333,0.052508333,0.018377917,0.93835,0.001761001,2000,31000,850,0,1297,1869,1.048913333,1431,0.382086667,1.869523333,1869
0.35,2.118683333,0.04866936,0.017034276,1.12856,0.002547295,2000,31000,850,1,1369,2120,1.045053333,1427,0.381946667,2.118683333,2120
0.35,2.027636667,0.04976027,0.017416094,1.09684,0.002406116,2000,31000,850,2,1390,2033,1.05072,1432,0.38128,2.027636667,2033
0.35,1.94808,0.050694183,0.017742964,1.069273333,0.002286691,2000,31000,850,3,1412,1954,0.91341,1294,0.38059,1.94808,1954
0.35,1.895686667,0.05151404,0.018029914,1.048913333,0.002200438,2000,31000,850,4,1431,1899,1.05251,1433,0.38049,1.895686667,1899
0.35,1.85001,0.05226815,0.018293852,1.032293333,0.002131259,2000,31000,850,5,1443,1856,1.069396667,1449,0.379603333,1.85001,1856
0.35,1.895566667,0.05223192,0.018281172,0.92419,0.001708254,2000,32000,850,0,1251,1896,0.92568,1305,0.37932,1.895566667,1896
0.35,2.173766667,0.047960873,0.016786306,1.120666667,0.002511788,2000,32000,850,1,1327,2165,1.050426667,1427,0.376573333,2.173766667,2165
0.35,2.065733333,0.049097403,0.017184091,1.091693333,0.002383589,2000,32000,850,2,1352,2072,0.925653333,1300,0.374346667,2.065733333,2072
0.35,1.985023333,0.050091703,0.017532096,1.070896667,0.002293639,2000,32000,850,3,1383,1993,1.054346667,1428,0.373653333,1.985023333,1993
0.35,1.92753,0.050938397,0.017828439,1.05262,0.002216018,2000,32000,850,4,1405,1934,1.072346667,1446,0.373653333,1.92753,1934
0.35,1.877203333,0.051722023,0.018102708,1.0346,0.002140794,2000,32000,850,5,1422,1880,1.043766667,1417,0.373233333,1.877203333,1880
0.35,1.870193333,0.052396963,0.018338937,0.93236,0.00173859,2000,33000,850,0,1278,1873,0.92838,1301,0.37262,1.870193333,1873
0.35,2.12593,0.048359397,0.016925789,1.132676667,0.002565913,2000,33000,850,1,1365,2124,1.046616667,1418,0.371383333,2.12593,2124
0.35,2.015646667,0.049532157,0.017336255,1.097093333,0.002407228,2000,33000,850,2,1398,2024,1.075006667,1446,0.370993333,2.015646667,2024
0.35,1.935533333,0.05051438,0.017680033,1.06763,0.002279668,2000,33000,850,3,1421,1940,1.073633333,1444,0.370366667,1.935533333,1940
0.35,1.876656667,0.051336917,0.017967921,1.04574,0.002187144,2000,33000,850,4,1438,1881,1.065793333,1435,0.369206667,1.876656667,1881
0.35,1.829396667,0.052073587,0.018225755,1.027773333,0.002112636,2000,33000,850,5,1451,1834,0.91886,1288,0.36914,1.829396667,1834
0.35,1.875763333,0.05196624,0.018188184,0.92052,0.001694714,2000,34000,850,0,1263,1876,1.048096667,1417,0.368903333,1.875763333,1876
0.35,2.147213333,0.047763627,0.016717269,1.119333333,0.002505814,2000,34000,850,1,1336,2142,1.049916667,1417,0.367083333,2.147213333,2142
0.35,2.043213333,0.048914913,0.01712022,1.0894,0.002373585,2000,34000,850,2,1371,2046,0.928086667,1295,0.366913333,2.043213333,2046
0.35,1.963156667,0.049905183,0.017466814,1.067173333,0.002277718,2000,34000,850,3,1401,1968,1.04676,1413,0.36624,1.963156667,1968
0.35,1.911656667,0.05076127,0.017766445,1.049916667,0.00220465,2000,34000,850,4,1417,1915,1.043916667,1410,0.366083333,1.911656667,1915
0.35,1.866826667,0.051518067,0.018031323,1.033956667,0.002138133,2000,34000,850,5,1431,1869,1.045413333,1411,0.365586667,1.866826667,1869
0.35,1.858913333,0.0523339,0.018316865,0.928896667,0.001725698,2000,35000,850,0,1286,1860,0.929943333,1295,0.365056667,1.858913333,1860
0.35,2.116876667,0.04827889,0.016897612,1.13767,0.002588586,2000,35000,850,1,1373,2119,1.06742,1432,0.36458,2.116876667,2119
0.35,2.012216667,0.049435543,0.01730244,1.10131,0.002425767,2000,35000,850,2,1406,2016,0.933463333,1296,0.362536667,2.012216667,2016
0.35,1.93397,0.050419103,0.017646686,1.0718,0.00229751,2000,35000,850,3,1429,1936,0.9293,1290,0.3607,1.93397,1936
0.35,1.87946,0.05123494,0.017932229,1.05218,0.002214166,2000,35000,850,4,1446,1883,1.04511,1405,0.35989,1.87946,1883
0.35,1.83562,0.05194745,0.018181608,1.036233333,0.002147559,2000,35000,850,5,1461,1840,1.07114,1431,0.35986,1.83562,1840
0.35,1.87461,0.05211518,0.018240313,0.917876667,0.001684995,2000,36000,850,0,1257,1876,1.06319,1423,0.35981,1.87461,1876
0.35,2.15739,0.04770861,0.016698014,1.12985,0.002553122,2000,36000,850,1,1343,2149,0.917386667,1277,0.359613333,2.15739,2149
0.35,2.04171,0.048916257,0.01712069,1.097393333,0.002408544,2000,36000,850,2,1379,2047,0.91812,1277,0.35888,2.04171,2047
0.35,1.958856667,0.04992129,0.017472452,1.073316667,0.002304017,2000,36000,850,3,1407,1964,0.93835,1297,0.35865,1.958856667,1964
0.35,1.90399,0.05077335,0.017770672,1.054346667,0.002223294,2000,36000,850,4,1428,1908,1.0718,1429,0.3572,1.90399,1908
0.35,1.855456667,0.05152343,0.018033201,1.038106667,0.002155331,2000,36000,850,5,1451,1860,0.928896667,1286,0.357103333,1.855456667,1860
0.35,1.850136667,0.05244527,0.018355844,0.927383333,0.00172008,2000,37000,850,0,1278,1851,1.067,1424,0.357,1.850136667,1851
0.35,2.122096667,0.048272177,0.016895262,1.147653333,0.002634216,2000,37000,850,1,1389,2115,0.938603333,1295,0.356396667,2.122096667,2115
0.35,2.00462,0.049444937,0.017305728,1.107306667,0.002452256,2000,37000,850,2,1419,2011,1.065853333,1421,0.355146667,2.00462,2011
0.35,1.921793333,0.050433867,0.017651853,1.073633333,0.002305377,2000,37000,850,3,1444,1926,0.919026667,1274,0.354973333,1.921793333,1926
0.35,1.860423333,0.05125775,0.017940212,1.051246667,0.002210239,2000,37000,850,4,1461,1865,0.93307,1288,0.35493,1.860423333,1865
0.35,1.817036667,0.051950133,0.018182547,1.035293333,0.002143665,2000,37000,850,5,1474,1821,1.047686667,1402,0.354313333,1.817036667,1821
0.35,1.857463333,0.05210713,0.018237496,0.917386667,0.001683197,2000,38000,850,0,1277,1858,1.074453333,1428,0.353546667,1.857463333,1858
0.35,2.136933333,0.047748867,0.016712103,1.13704,0.00258572,2000,38000,850,1,1361,2135,1.07259,1426,0.35341,2.136933333,2135
0.35,2.02325,0.048967243,0.017138535,1.102503333,0.002431027,2000,38000,850,2,1396,2029,1.06763,1421,0.35337,2.02325,2029
0.35,1.944636667,0.049973617,0.017490766,1.075563333,0.002313673,2000,38000,850,3,1428,1947,0.907776667,1261,0.353223333,1.944636667,1947
0.35,1.890953333,0.05080019,0.017780067,1.05561,0.002228625,2000,38000,850,4,1451,1893,1.075563333,1428,0.352436667,1.890953333,1893
0.35,1.840903333,0.05152746,0.018034611,1.03896,0.002158876,2000,38000,850,5,1459,1844,1.05262,1405,0.35238,1.840903333,1844
0.35,1.834463333,0.052478817,0.018367586,0.92568,0.001713767,2000,39000,850,0,1305,1834,0.932523333,1284,0.351476667,1.834463333,1834
0.35,2.102323333,0.048376843,0.016931895,1.154043333,0.002663632,2000,39000,850,1,1409,2097,0.919903333,1271,0.351096667,2.102323333,2097
0.35,1.988436667,0.049563023,0.017347058,1.10956,0.002462247,2000,39000,850,2,1437,1990,0.927383333,1278,0.350616667,1.988436667,1990
0.35,1.901586667,0.050519743,0.01768191,1.074403333,0.002308685,500,39000,850,3,1461,1906,1.050463333,1400,0.349536667,1.901586667,1906
0.35,1.849073333,0.051310083,0.017958529,1.053296667,0.002218868,500,39000,850,4,1474,1854,1.067973333,1415,0.347026667,1.849073333,1854
0.35,1.899543333,0.052375493,0.018331423,0.930206667,0.001730569,500,39000,850,5,148930000,850,0.93236,1278,0.34564,1.899543333,850
0.35,2.151606667,0.048337927,0.016918274,1.116223333,0.002491909,500,30000,850,1,1334,2153,0.937576667,1283,0.345423333,2.151606667,2153
0.35,2.045636667,0.049455673,0.017309486,1.085543333,0.002356809,500,30000,850,2,1360,2051,0.918616667,1263,0.344383333,2.045636667,2051
0.35,1.976086667,0.05039763,0.017639171,1.064533333,0.002266462,500,30000,850,3,1384,1978,1.072663333,1417,0.344336667,1.976086667,1978
0.35,1.922946667,0.051216153,0.017925654,1.047686667,0.002195295,500,30000,850,4,1402,1928,1.06728,1411,0.34372,1.922946667,1928
0.35,1.87967,0.0519716,0.01819006,1.031786667,0.002129167,500,30000,850,5,1420,1883,1.071373333,1415,0.343626667,1.87967,1883
0.35,1.88156,0.05261166,0.018414081,0.936853333,0.001755388,500,31000,850,0,1279,1881,1.069273333,1412,0.342726667,1.88156,1881
0.35,2.141136667,0.04860495,0.017011732,1.13144,0.002560313,500,31000,850,1,1351,2137,0.92052,1263,0.34248,2.141136667,2137
0.35,2.03937,0.049742827,0.017409989,1.098286667,0.002412467,500,31000,850,2,1385,2043,1.101623333,1444,0.342376667,2.03937,2043
0.35,1.954723333,0.050708943,0.01774813,1.071373333,0.002295682,500,31000,850,3,1415,1959,0.936853333,1279,0.342146667,1.954723333,1959
0.35,1.900573333,0.051532827,0.018036489,1.050426667,0.002206792,500,31000,850,4,1427,1903,0.920233333,1262,0.341766667,1.900573333,1903
0.35,1.847863333,0.052273517,0.018295731,1.03123,0.002126871,500,31000,850,5,1440,1851,0.927513333,1269,0.341486667,1.847863333,1851
0.35,1.890713333,0.052191663,0.018267082,0.925463333,0.001712965,500,32000,850,0,1260,1890,1.069963333,1411,0.341036667,1.890713333,1890
0.35,2.157176667,0.048036017,0.016812606,1.118806667,0.002503457,500,32000,850,1,1328,2152,1.065326667,1406,0.340673333,2.157176667,2152
0.35,2.050753333,0.049167177,0.017208512,1.088926667,0.002371523,500,32000,850,2,1363,2055,0.931396667,1271,0.339603333,2.050753333,2055
0.35,1.97173,0.050168183,0.017558864,1.065706667,0.002271461,500,32000,850,3,1391,1972,0.917876667,1257,0.339123333,1.97173,1972
0.35,1.911323333,0.051004147,0.017851451,1.04676,0.002191413,500,32000,850,4,1413,1914,1.10705,1446,0.33895,1.911323333,1914
0.35,1.86582,0.051774357,0.018121025,1.02973,0.002120688,500,32000,850,5,1431,1868,0.926616667,1265,0.338383333,1.86582,1868
0.35,1.864666667,0.052352683,0.018323439,0.93307,0.001741239,500,33000,850,0,1288,1866,0.92018,1256,0.33582,1.864666667,1866
0.35,2.11417,0.04842917,0.01695021,1.130933333,0.00255802,500,33000,850,1,1368,2116,0.925463333,1260,0.334536667,2.11417,2116
0.35,2.012173333,0.04956436,0.017347526,1.095983333,0.002402359,500,33000,850,2,1398,2017,1.067173333,1401,0.333826667,2.012173333,2017
0.35,1.930366667,0.050533163,0.017686607,1.065853333,0.002272087,500,33000,850,3,1421,1937,1.073316667,1407,0.333683333,1.930366667,1937
0.35,1.87893,0.051334233,0.017966982,1.04552,0.002186224,500,33000,850,4,1437,1883,0.931573333,1265,0.333426667,1.87893,1883
0.35,1.831146667,0.05207358,0.018225753,1.028533333,0.002115762,500,33000,850,5,1445,1835,1.06604,1399,0.33296,1.831146667,1835
0.35,1.878593333,0.051995757,0.018198515,0.92018,0.001693462,500,34000,850,0,1256,1879,1.063223333,1396,0.332776667,1.878593333,1879
0.35,2.152143333,0.04775289,0.016713511,1.119596667,0.002506993,500,34000,850,1,1333,2143,1.105993333,1438,0.332006667,2.152143333,2143
0.35,2.039516667,0.04892162,0.017122567,1.08851,0.002369708,500,34000,850,2,1371,2046,1.063636667,1395,0.331363333,2.039516667,2046
0.35,1.957426667,0.04992397,0.01747339,1.065326667,0.002269842,500,34000,850,3,1406,1963,1.10956,1437,0.32744,1.957426667,1963
0.35,1.9067,0.050754563,0.017764097,1.048096667,0.002197013,500,34000,850,4,1417,1911,0.930696667,1258,0.327303333,1.9067,1911
0.35,1.863116667,0.05152746,0.018034611,1.03251,0.002132154,500,34000,850,5,1433,1866,1.06309,1390,0.32691,1.863116667,1866
0.35,1.85775,0.052348657,0.01832203,0.9293,0.001727197,500,35000,850,0,1290,1858,0.92419,1251,0.32681,1.85775,1858
0.35,2.118476667,0.04826681,0.016893383,1.137853333,0.00258942,500,35000,850,1,1377,2117,1.065706667,1391,0.325293333,2.118476667,2117
0.35,2.012346667,0.049432863,0.017301502,1.101323333,0.002425826,500,35000,850,2,1402,2019,1.110116667,1435,0.324883333,2.012346667,2019
0.35,1.93252,0.050416417,0.017645746,1.07114,0.002294682,500,35000,850,3,1431,1935,1.065163333,1388,0.322836667,1.93252,1935
0.35,1.874386667,0.051229573,0.017930351,1.049846667,0.002204356,500,35000,850,4,1445,1880,1.102373333,1424,0.321626667,1.874386667,1880
0.35,1.828823333,0.05197563,0.018191471,1.032986667,0.002134123,500,35000,850,5,1461,1831,1.064533333,1384,0.319466667,1.828823333,1831
0.35,1.87039,0.052064193,0.018222468,0.918616667,0.001687713,500,36000,850,0,1263,1871,1.105406667,1424,0.318593333,1.87039,1871
0.35,2.144556667,0.047752893,0.016713513,1.12826,0.002545941,500,36000,850,1,1345,2144,1.108193333,1423,0.314806667,2.144556667,2144
0.35,2.035006667,0.048965903,0.017138066,1.09552,0.002400328,500,36000,850,2,1385,2035,1.068423333,1383,0.314576667,2.035006667,2035
0.35,1.949543333,0.049970933,0.017489827,1.069963333,0.002289643,500,36000,850,3,1411,1953,1.070896667,1383,0.312103333,1.949543333,1953
0.35,1.895806667,0.05081629,0.017785702,1.05072,0.002208025,500,36000,850,4,1432,1898,1.107306667,1419,0.311693333,1.895806667,1898
0.35,1.846283333,0.051552953,0.018043534,1.03439,0.002139925,500,36000,850,5,1446,1850,1.098366667,1410,0.311633333,1.846283333,1850
0.35,1.845073333,0.052376837,0.018331893,0.928086667,0.00172269,500,37000,850,0,1295,1845,1.096846667,1406,0.309153333,1.845073333,1845
0.35,2.11031,0.04834732,0.016921562,1.14528,0.002623333,500,37000,850,1,1393,2107,1.093063333,1399,0.305936667,2.11031,2107
0.35,1.99897,0.049524107,0.017333437,1.105406667,0.002443848,500,37000,850,2,1424,2003,1.10131,1406,0.30469,1.99897,2003
0.35,1.917703333,0.050488883,0.017671109,1.072346667,0.002299855,500,37000,850,3,1446,1918,1.09681,1400,0.30319,1.917703333,1918
0.35,1.861,0.051291297,0.017951954,1.05153,0.002211431,500,37000,850,4,1459,1865,1.095983333,1398,0.302016667,1.861,1865
0.35,1.811316667,0.051983677,0.018194287,1.032986667,0.002134123,500,37000,850,5,1481,1818,1.097093333,1398,0.300906667,1.811316667,1818
0.35,1.854636667,0.052119207,0.018241722,0.91812,0.001685889,500,38000,850,0,1277,1854,1.101323333,1402,0.300676667,1.854636667,1854
0.35,2.135933333,0.047797173,0.016729011,1.1365,0.002583265,500,38000,850,1,1367,2128,1.100426667,1399,0.298573333,2.135933333,2128
0.35,2.018843333,0.049010187,0.017153565,1.100426667,0.002421878,500,38000,850,2,1399,2024,1.095413333,1393,0.297586667,2.018843333,2024
0.35,1.935576667,0.05000583,0.017502041,1.07259,0.002300899,500,38000,850,3,1426,1940,1.102376667,1398,0.295623333,1.935576667,1940
0.35,1.883993333,0.050837757,0.017793215,1.053683333,0.002220497,500,38000,850,4,1443,1887,1.093916667,1388,0.294083333,1.883993333,1887
0.35,1.838546667,0.051546247,0.018041186,1.038133333,0.002155442,500,38000,850,5,1457,1844,1.102503333,1396,0.293496667,1.838546667,1844
0.35,1.835296667,0.052544567,0.018390598,0.925653333,0.001713668,500,39000,850,0,1300,1834,1.09684,1390,0.29316,1.835296667,1834
0.35,2.10971,0.04839026,0.016936591,1.155073333,0.002668389,500,39000,850,1,1409,2103,1.09937,1391,0.29163,2.10971,2103
0.35,1.988416667,0.049579123,0.017352693,1.110116667,0.002464718,500,39000,850,2,1435,1995,1.09552,1385,0.28948,1.988416667,1995
0.35,1.907496667,0.050539873,0.017688956,1.07564,0.002314003,500,39000,850,3,1459,1909,1.098286667,1385,0.286713333,1.907496667,1909
0.35,1.850316667,0.05130337,0.01795618,1.05391,0.002221453,500,39000,850,4,1470,1856,1.08851,1371,0.28249,1.850316667,1856
0.35,1.81197,0.05183474,0.018142159,1.038116667,0.002155372,500,39000,850,5,1485,1814,1.08692,1369,0.28208,1.81197,1814
0.35,1.843013333,0.05234329,0.018320151,0.91886,0.001688607,500,40000,850,0,1288,1841,1.097393333,1379,0.281606667,1.843013333,1841
0.35,2.12095,0.048006497,0.016802274,1.149013333,0.002640463,500,40000,850,1,1387,2121,1.0894,1371,0.2816,2.12095,2121
0.35,2.000043333,0.049230247,0.017230586,1.108193333,0.002456185,500,40000,850,2,1423,2009,1.08668,1365,0.27832,2.000043333,2009
0.35,1.916676667,0.050215147,0.017575301,1.075006667,0.002311279,500,40000,850,3,1446,1920,1.08946,1367,0.27754,1.916676667,1920
0.35,1.862093333,0.05101488,0.017855208,1.053446667,0.0022195,500,40000,850,4,1463,1864,1.085543333,1360,0.274456667,1.862093333,1864
0.35,1.819676667,0.051586497,0.018055274,1.037486667,0.002152757,500,40000,850,5,1477,1824,1.088926667,1363,0.274073333,1.819676667,1824
0.35,1.850953333,0.051980993,0.018193348,0.907776667,0.001648117,500,41000,850,0,1261,1851,1.08809,1361,0.27291,1.850953333,1851
0.35,2.144316667,0.047465737,0.016613008,1.137013333,0.002585599,500,41000,850,1,1356,2138,1.087076667,1356,0.268923333,2.144316667,2138
0.35,2.024996667,0.048696197,0.017043669,1.102376667,0.002430469,500,41000,850,2,1398,2028,1.15007,1418,0.26793,2.024996667,2028
0.35,1.94067,0.04973075,0.017405762,1.074453333,0.0023089,500,41000,850,3,1428,1940,1.087956667,1354,0.266043333,1.94067,1940
0.35,1.88113,0.050558657,0.01769553,1.054386667,0.002223462,500,41000,850,4,1443,1884,1.15807,1420,0.26193,1.88113,1884
0.35,1.839143333,0.05116382,0.017907337,1.037913333,0.002154528,500,41000,850,5,1462,1839,1.091693333,1352,0.260306667,1.839143333,1839
0.35,1.821156667,0.05243722,0.018353027,0.92016,0.001693389,500,42000,850,0,1306,1821,1.14361,1400,0.25639,1.821156667,1821
0.35,2.09283,0.048304383,0.016906534,1.15807,0.002682252,500,42000,850,1,1420,2089,1.154043333,1409,0.254956667,2.09283,2089
0.35,1.969516667,0.04950264,0.017325924,1.10705,0.002451119,500,42000,850,2,1446,1972,1.155073333,1409,0.253926667,1.969516667,1972
0.35,1.885126667,0.050432523,0.017651383,1.071236667,0.002295096,500,42000,850,3,1466,1887,1.152,1401,0.249,1.885126667,1887
0.35,1.838013333,0.0511182,0.01789137,1.051333333,0.002210604,500,42000,850,4,1482,1841,1.128476667,1377,0.248523333,1.838013333,1841
0.35,1.812116667,0.05130069,0.017955242,1.034636667,0.002140946,500,42000,850,5,1477,1818,1.14528,1393,0.24772,1.812116667,1818
0.35,1.827576667,0.052278883,0.018297609,0.91341,0.001668636,500,43000,850,0,1294,1827,1.136473333,1380,0.243526667,1.827576667,1827
0.35,2.106663333,0.04792062,0.016772217,1.152,0.002654208,500,43000,850,1,1401,2105,1.147653333,1389,0.241346667,2.106663333,2105
0.35,1.982686667,0.049165837,0.017208043,1.105993333,0.002446443,500,43000,850,2,1438,1989,1.12856,1369,0.24044,1.982686667,1989
0.35,1.898453333,0.050119877,0.017541957,1.07077,0.002293097,500,43000,850,3,1456,1900,1.137853333,1377,0.239146667,1.898453333,1900
0.35,1.843333333,0.050841783,0.017794624,1.049356667,0.002202299,500,43000,850,4,1474,1848,1.149013333,1387,0.237986667,1.843333333,1848
0.35,1.817053333,0.05106855,0.017873992,1.032676667,0.002132842,500,43000,850,5,1471,1818,1.131016667,1369,0.237983333,1.817053333,1818
0.35,1.898953333,0.052340603,0.018319211,0.930696667,0.001732393,500,30000,850,0,1258,1903,1.130933333,1368,0.237066667,1.898953333,1903
0.35,2.148366667,0.04835269,0.016923441,1.11561,0.002489171,500,30000,850,1,1332,2143,1.134353333,1371,0.236646667,2.148366667,2143
0.35,2.06063,0.049420783,0.017297274,1.087956667,0.002367299,500,30000,850,2,1354,2061,1.13767,1373,0.23533,2.06063,2061
0.35,1.98827,0.05036275,0.017626962,1.068423333,0.002283057,500,30000,850,3,1383,1993,1.129663333,1363,0.233336667,1.98827,1993
0.35,1.931916667,0.051196023,0.017918608,1.050463333,0.002206946,500,30000,850,4,1400,1935,1.133133333,1366,0.232866667,1.931916667,1935
0.35,1.883583333,0.05196892,0.018189122,1.032683333,0.00213287,500,30000,850,5,1418,1884,1.132676667,1365,0.232323333,1.883583333,1884
0.35,1.879586667,0.052566033,0.018398112,0.937576667,0.0017581,500,31000,850,0,1283,1881,1.1365,1367,0.2305,1.879586667,1881
0.35,2.124743333,0.048655943,0.01702958,1.129663333,0.002552278,500,31000,850,1,1363,2128,1.127266667,1357,0.229733333,2.124743333,2128
0.35,2.022513333,0.049771003,0.017419851,1.095413333,0.002399861,500,31000,850,2,1393,2031,1.13704,1361,0.22396,2.022513333,2031
0.35,1.94388,0.0507398,0.01775893,1.06728,0.002278173,500,31000,850,3,1411,1952,1.117396667,1341,0.223603333,1.94388,1952
0.35,1.887173333,0.051559663,0.018045882,1.045053333,0.002184273,500,31000,850,4,1427,1891,1.13144,1351,0.21956,1.887173333,1891
0.35,1.838336667,0.052301693,0.018305593,1.02697,0.002109335,500,31000,850,5,1445,1844,1.11684,1336,0.21916,1.838336667,1844
0.35,1.885413333,0.052170193,0.018259568,0.926616667,0.001717237,500,32000,850,0,1265,1886,1.137013333,1356,0.218986667,1.885413333,1886
0.35,2.149956667,0.048076273,0.016826696,1.11781,0.002498998,500,32000,850,1,1335,2143,1.116223333,1334,0.217776667,2.149956667,2143
0.35,2.038566667,0.04922085,0.017227298,1.08668,0.002361747,500,32000,850,2,1365,2045,1.11781,1335,0.21719,2.038566667,2045
0.35,1.963483333,0.050196363,0.017568727,1.063636667,0.002262646,500,32000,850,3,1395,1967,1.12826,1345,0.21674,1.963483333,1967
0.35,1.907296667,0.051024277,0.017858497,1.045413333,0.002185778,500,32000,850,4,1411,1912,1.119333333,1336,0.216666667,1.907296667,1912
0.35,1.863693333,0.05177838,0.018122433,1.029513333,0.002119795,500,32000,850,5,1427,1866,1.11561,1332,0.21639,1.863693333,1866
0.35,1.869843333,0.052413063,0.018344572,0.932523333,0.0017392,500,33000,850,0,1284,1869,1.120233333,1336,0.215766667,1.869843333,1869
0.35,2.131823333,0.048367447,0.016928606,1.133133333,0.002567982,500,33000,850,1,1366,2129,1.119596667,1333,0.213403333,2.131823333,2129
0.35,2.03166,0.04950398,0.017326393,1.09937,0.002417229,500,33000,850,2,1391,2035,1.12985,1343,0.21315,2.03166,2035
0.35,1.94961,0.050472783,0.017665474,1.072663333,0.002301213,500,33000,850,3,1417,1954,1.118806667,1328,0.209193333,1.94961,1954
0.35,1.896193333,0.05130203,0.017955711,1.05251,0.002215555,500,33000,850,4,1433,1898,1.11696,1325,0.20804,1.896193333,1898
0.35,1.850493333,0.052042723,0.018214953,1.036356667,0.00214807,500,33000,850,5,1453,1854,1.120666667,1327,0.206333333,1.850493333,1854
