V_set,V_tp,I_in,P_in,V_out,P_out,Load,PWM,Duty,Deadtime,ADC_V_out,ADC_VCC
0.35,1.9026966666666667,0.05240366999999999,0.018341284499999996,0.9288933333333332,0.001725685649422222,500,30000,850,4,1415,1890
0.35,1.8885266666666667,0.05230303333333333,0.018306061666666665,0.9315733333333333,0.0017356577507555552,500,30000,850,0,1265,1891
0.35,2.1512666666666664,0.0483017,0.016905595,1.1168399999999998,0.0024946631711999993,500,30000,850,1,1336,2140
0.35,2.0576966666666667,0.04938320999999999,0.017284123499999995,1.08809,0.0023678796962000002,500,30000,850,2,1361,2063
0.35,1.97321,0.05034665,0.0176213275,1.0651633333333332,0.0022691458533555552,500,30000,850,3,1388,1982
0.35,1.9152333333333333,0.05120542,0.017921897,1.04511,0.0021845098242,500,30000,850,4,1405,1919
0.35,1.86247,0.05197562666666666,0.01819146933333333,1.0265633333333335,0.00210766455468889,500,30000,850,5,1424,1868
0.35,1.8678933333333332,0.05250431,0.0183765085,0.9386033333333333,0.0017619524346888888,500,31000,850,0,1295,1869
0.35,2.11739,0.04866802,0.017033806999999998,1.1284766666666668,0.0025469191744222227,500,31000,850,1,1377,2110
0.35,2.0120299999999998,0.049791126666666664,0.01742689433333333,1.0930633333333333,0.002389574901355555,500,31000,850,2,1399,2017
0.35,1.9322466666666667,0.050757246666666665,0.01776503633333333,1.0631899999999999,0.002260745952199999,500,31000,850,3,1423,1935
0.35,1.8753733333333333,0.05157307999999999,0.018050577999999998,1.0418366666666665,0.0021708472800222216,500,31000,850,4,1438,1880
0.35,1.8288366666666667,0.05231511,0.018310288499999997,1.0232833333333333,0.0020942175605555553,500,31000,850,5,1454,1831
0.35,1.8769866666666666,0.05209773666666667,0.018234207833333335,0.9275133333333333,0.001720561967022222,500,32000,850,0,1269,1876
0.35,2.137026666666667,0.04804943666666667,0.016817302833333332,1.1173966666666668,0.0024971506213555565,500,32000,850,1,1341,2137
0.35,2.0400233333333335,0.04920475333333333,0.017221663666666664,1.0869199999999999,0.0023627901727999996,500,32000,850,2,1369,2041
0.35,1.9574600000000002,0.050164160000000006,0.017557456000000003,1.0632233333333334,0.002260887713088889,500,32000,850,3,1396,1962
0.35,1.9030233333333335,0.05100683,0.0178523905,1.0437666666666665,0.002178897708888888,500,32000,850,4,1417,1905
0.35,1.8517433333333333,0.05176361666666667,0.018117265833333333,1.0261666666666667,0.0021060360555555557,500,32000,850,5,1432,1855
0.35,1.8596733333333333,0.05230974333333333,0.018308410166666664,0.9334633333333334,0.001742707589355556,500,33000,850,0,1296,1859
0.35,2.11714,0.04840233666666668,0.016940817833333337,1.1310166666666666,0.0025583974005555553,500,33000,850,1,1369,2112
0.35,2.0153166666666666,0.04952813666666667,0.017334847833333333,1.0968099999999998,0.0024059843521999995,500,33000,850,2,1400,2019
0.35,1.9357633333333333,0.05051169333333333,0.017679092666666663,1.067,0.002276978,500,33000,850,3,1424,1936
0.35,1.8747166666666668,0.05132618333333333,0.017964164166666664,1.0450633333333332,0.002184314741355555,500,33000,850,4,1438,1879
0.35,1.82549,0.05206419,0.0182224665,1.0262433333333334,0.0021063507584222225,500,33000,850,5,1455,1830
0.35,1.8759366666666668,0.05196221333333333,0.018186774666666666,0.9202333333333333,0.0016936587755555558,500,34000,850,0,1262,1875
0.35,2.1515766666666667,0.04771934666666666,0.01670177133333333,1.1202333333333332,0.002509845442222221,500,34000,850,1,1336,2143
0.35,2.043153333333333,0.048882709999999996,0.0171089485,1.08946,0.0023738461832000005,500,34000,850,2,1367,2050
0.35,1.9590133333333333,0.04989579666666666,0.01746352883333333,1.06604,0.0022728825632000005,500,34000,850,3,1399,1967
0.35,1.9026333333333334,0.05073577666666667,0.017757521833333335,1.0466166666666668,0.0021908128938888894,500,34000,850,4,1418,1906
0.35,1.85197,0.05150867333333333,0.018028035666666664,1.0295800000000002,0.002120069952800001,500,34000,850,5,1439,1859
0.35,1.8508266666666666,0.05227888,0.018297608,0.9299433333333332,0.0017295892064222219,500,35000,850,0,1295,1852
0.35,2.1132833333333334,0.04828559333333333,0.016899957666666663,1.1364733333333332,0.002583143274755555,500,35000,850,1,1380,2106
0.35,2.0013533333333333,0.049452986666666664,0.01730854533333333,1.0983666666666667,0.0024128186688888893,500,35000,850,2,1410,2008
0.35,1.9182333333333332,0.05043655,0.017652792499999997,1.0657933333333334,0.0022718308587555557,500,35000,850,3,1435,1921
0.35,1.8619833333333335,0.051237623333333336,0.017933168166666666,1.0449266666666666,0.002183743477422222,500,35000,850,4,1449,1867
0.35,1.8163166666666666,0.051976970000000004,0.0181919395,1.0281266666666666,0.002114088885422222,500,35000,850,5,1464,1820
0.35,1.8623199999999998,0.05200246666666667,0.018200863333333334,0.9199033333333334,0.001692444285355556,500,36000,850,0,1271,1861
0.35,2.1309000000000005,0.04779448666666666,0.01672807033333333,1.1272666666666666,0.0025414602755555555,500,36000,850,1,1357,2129
0.35,2.0204,0.04896187999999999,0.017136657999999996,1.0939166666666666,0.0023933073472222222,500,36000,850,2,1388,2027
0.35,1.94267,0.049962883333333326,0.017487009166666664,1.0679733333333334,0.0022811340814222225,500,36000,850,3,1415,1946
0.35,1.8900499999999998,0.05079884666666667,0.01777959633333333,1.048536666666667,0.0021988582826888902,500,36000,850,4,1438,1893
0.35,1.83894,0.051554296666666666,0.018044003833333332,1.03154,0.0021281495432,500,36000,850,5,1450,1842
0.35,1.8398666666666665,0.05233792,0.018318272,0.9283800000000001,0.0017237788488000004,500,37000,850,0,1301,1840
0.35,2.097263333333333,0.048379526666666665,0.01693283433333333,1.14361,0.0026156876642000003,500,37000,850,1,1400,2093
0.35,1.98967,0.049538870000000006,0.0173386045,1.1023733333333334,0.002430453932088889,500,37000,850,2,1424,1990
0.35,1.9059566666666665,0.05049425,0.017672987499999997,1.0693966666666668,0.0022872184613555563,500,37000,850,3,1449,1909
0.35,1.8542833333333333,0.05129129666666667,0.017951953833333336,1.0488033333333333,0.002199976864022222,500,37000,850,4,1462,1857
0.35,1.8106666666666669,0.051982339999999995,0.018193818999999996,1.0319866666666666,0.0021299929603555553,500,37000,850,5,1478,1813
0.35,1.8480766666666666,0.052017226666666666,0.01820602933333333,0.9190266666666668,0.0016892200280888892,500,38000,850,0,1274,1848
0.35,2.1129766666666665,0.04785621,0.0167496735,1.1343533333333333,0.002573514969688889,500,38000,850,1,1371,2121
0.35,2.0003433333333334,0.04904105,0.0171643675,1.0968466666666667,0.002406145220355556,500,38000,850,2,1406,2008
0.35,1.9217133333333336,0.05002998,0.017510493,1.06742,0.0022787709128000004,500,38000,850,3,1432,1926
0.35,1.8671266666666666,0.05085520333333334,0.01779932116666667,1.0477166666666669,0.002195420427222223,500,38000,850,4,1452,1873
0.35,1.8217533333333336,0.05156637333333333,0.018048230666666665,1.031386666666667,0.0021275169123555564,500,38000,850,5,1467,1828
0.35,1.8231333333333335,0.05239025333333334,0.018336588666666667,0.9264199999999999,0.0017165080327999997,500,39000,850,0,1312,1823
0.35,2.082543333333333,0.04845198666666667,0.016958195333333332,1.1500700000000001,0.0026453220098000005,500,39000,850,1,1418,2077
0.35,1.9648433333333333,0.049632796666666666,0.017371478833333332,1.1016233333333334,0.0024271479370888893,500,39000,850,2,1444,1968
0.35,1.8834233333333332,0.05055329,0.017693651499999997,1.06673,0.0022758257858,500,39000,850,3,1462,1887
0.35,1.8304066666666667,0.05133289,0.017966511499999997,1.0455333333333332,0.0021862799022222216,500,39000,850,4,1481,1835
0.35,1.8903966666666667,0.05230706333333333,0.018307472166666665,0.9313966666666668,0.001734999501355556,500,30000,850,0,1271,1885
0.35,2.1612666666666667,0.0483017,0.016905595,1.11696,0.0024951992832,500,30000,850,1,1325,2158
0.35,2.0545833333333334,0.04942749,0.017299621499999997,1.0870766666666667,0.0023634713584222223,500,30000,850,2,1356,2061
0.35,1.97227,0.05040702666666667,0.017642459333333332,1.06309,0.0022603206962000006,500,30000,850,3,1390,1976
0.35,1.9117233333333334,0.05125238666666667,0.017938335333333333,1.0439166666666668,0.0021795240138888896,500,30000,850,4,1410,1914
0.35,1.8648033333333334,0.05201186,0.018204151,1.0259266666666667,0.0021050510507555553,500,30000,850,5,1420,1867
0.35,1.8695233333333334,0.05250833333333333,0.018377916666666664,0.9383500000000001,0.0017610014450000005,500,31000,850,0,1297,1869
0.35,2.1186833333333333,0.048669359999999995,0.017034275999999998,1.12856,0.0025472953472,500,31000,850,1,1369,2120
0.35,2.0276366666666665,0.049760269999999995,0.017416094499999996,1.09684,0.0024061159712,500,31000,850,2,1390,2033
0.35,1.94808,0.05069418333333333,0.017742964166666663,1.0692733333333333,0.002286690922755555,500,31000,850,3,1412,1954
0.35,1.8956866666666665,0.051514040000000004,0.018029914,1.0489133333333334,0.002200438361688889,500,31000,850,4,1431,1899
0.35,1.85001,0.05226814999999999,0.018293852499999996,1.0322933333333333,0.0021312590520888887,500,31000,850,5,1443,1856
0.35,1.8955666666666666,0.05223192000000001,0.018281172000000002,0.92419,0.0017082543121999998,500,32000,850,0,1251,1896
0.35,2.173766666666667,0.04796087333333333,0.016786305666666664,1.1206666666666667,0.0025117875555555557,500,32000,850,1,1327,2165
0.35,2.0657333333333336,0.04909740333333334,0.01718409116666667,1.0916933333333334,0.002383588668088889,500,32000,850,2,1352,2072
0.35,1.9850233333333334,0.05009170333333333,0.017532096166666664,1.0708966666666664,0.002293639341355554,500,32000,850,3,1383,1993
0.35,1.92753,0.05093839666666666,0.01782843883333333,1.0526200000000001,0.0022160177288,500,32000,850,4,1405,1934
0.35,1.8772033333333333,0.05172202333333333,0.018102708166666665,1.0346,0.0021407943199999997,500,32000,850,5,1422,1880
0.35,1.8701933333333332,0.05239696333333333,0.018338937166666666,0.9323600000000001,0.0017385903392000005,500,33000,850,0,1278,1873
0.35,2.12593,0.048359396666666665,0.01692578883333333,1.1326766666666668,0.0025659128624222227,500,33000,850,1,1365,2124
0.35,2.0156466666666666,0.04953215666666667,0.017336254833333332,1.0970933333333333,0.0024072275640888885,500,33000,850,2,1398,2024
0.35,1.935533333333333,0.05051438,0.017680032999999998,1.06763,0.0022796676338000003,500,33000,850,3,1421,1940
0.35,1.8766566666666666,0.05133691666666667,0.017967920833333335,1.04574,0.0021871442951999997,500,33000,850,4,1438,1881
0.35,1.8293966666666666,0.05207358666666667,0.018225755333333333,1.0277733333333332,0.0021126360494222217,500,33000,850,5,1451,1834
0.35,1.8757633333333334,0.05196624,0.018188183999999996,0.9205199999999999,0.0016947141407999996,500,34000,850,0,1263,1876
0.35,2.1472133333333336,0.04776362666666666,0.01671726933333333,1.1193333333333333,0.002505814222222222,500,34000,850,1,1336,2142
0.35,2.0432133333333335,0.04891491333333333,0.017120219666666665,1.0894000000000001,0.002373584720000001,500,34000,850,2,1371,2046
0.35,1.9631566666666664,0.04990518333333333,0.017466814166666664,1.0671733333333333,0.0022777178467555553,500,34000,850,3,1401,1968
0.35,1.9116566666666666,0.05076127,0.0177664445,1.0499166666666666,0.0022046500138888886,500,34000,850,4,1417,1915
0.35,1.8668266666666666,0.05151806666666667,0.01803132333333333,1.0339566666666669,0.00213813277708889,500,34000,850,5,1431,1869
0.35,1.8589133333333334,0.052333899999999996,0.018316864999999998,0.9288966666666667,0.001725698034688889,500,35000,850,0,1286,1860
0.35,2.1168766666666667,0.04827889,0.0168976115,1.13767,0.0025885860577999995,500,35000,850,1,1373,2119
0.35,2.0122166666666668,0.04943554333333333,0.017302440166666665,1.10131,0.0024257674322000003,500,35000,850,2,1406,2016
0.35,1.9339700000000002,0.05041910333333333,0.017646686166666665,1.0717999999999999,0.0022975104799999994,500,35000,850,3,1429,1936
0.35,1.87946,0.05123494000000001,0.017932229,1.05218,0.0022141655047999997,500,35000,850,4,1446,1883
0.35,1.8356200000000003,0.05194745,0.0181816075,1.0362333333333333,0.0021475590422222225,500,35000,850,5,1461,1840
0.35,1.8746099999999999,0.052115180000000004,0.018240313,0.9178766666666666,0.0016849951504222219,500,36000,850,0,1257,1876
0.35,2.15739,0.047708610000000005,0.0166980135,1.12985,0.0025531220450000004,500,36000,850,1,1343,2149
0.35,2.04171,0.048916256666666665,0.01712068983333333,1.0973933333333334,0.002408544256088889,500,36000,850,2,1379,2047
0.35,1.9588566666666667,0.04992129000000001,0.0174724515,1.0733166666666667,0.002304017333888889,500,36000,850,3,1407,1964
0.35,1.90399,0.050773349999999995,0.017770672499999998,1.0543466666666665,0.0022232937870222216,500,36000,850,4,1428,1908
0.35,1.8554566666666668,0.05152343,0.0180332005,1.0381066666666667,0.0021553309027555556,500,36000,850,5,1451,1860
0.35,1.8501366666666668,0.052445269999999995,0.018355844499999996,0.9273833333333332,0.0017200796938888884,500,37000,850,0,1278,1851
0.35,2.122096666666667,0.048272176666666666,0.01689526183333333,1.1476533333333334,0.0026342163470222226,500,37000,850,1,1389,2115
0.35,2.0046199999999996,0.04944493666666667,0.017305727833333333,1.1073066666666667,0.002452256108088889,500,37000,850,2,1419,2011
0.35,1.9217933333333335,0.05043386666666667,0.017651853333333332,1.0736333333333332,0.0023053770688888885,500,37000,850,3,1444,1926
0.35,1.8604233333333333,0.05125775,0.017940212499999997,1.0512466666666667,0.0022102391083555556,500,37000,850,4,1461,1865
0.35,1.8170366666666666,0.051950133333333336,0.018182546666666667,1.0352933333333334,0.002143664572088889,500,37000,850,5,1474,1821
0.35,1.8574633333333335,0.05210713,0.0182374955,0.9173866666666667,0.0016831965923555555,500,38000,850,0,1277,1858
0.35,2.1369333333333334,0.04774886666666667,0.016712103333333332,1.13704,0.0025857199232,500,38000,850,1,1361,2135
0.35,2.0232499999999995,0.04896724333333333,0.017138535166666663,1.1025033333333334,0.0024310272000222224,500,38000,850,2,1396,2029
0.35,1.9446366666666666,0.049973616666666665,0.01749076583333333,1.0755633333333334,0.002313672968022223,500,38000,850,3,1428,1947
0.35,1.8909533333333333,0.05080019,0.0177800665,1.05561,0.0022286249442,500,38000,850,4,1451,1893
0.35,1.8409033333333333,0.051527460000000004,0.018034611,1.03896,0.002158875763200001,500,38000,850,5,1459,1844
0.35,1.8344633333333331,0.05247881666666667,0.018367585833333335,0.92568,0.0017137669247999998,500,39000,850,0,1305,1834
0.35,2.1023233333333335,0.048376843333333336,0.016931895166666665,1.1540433333333333,0.0026636320304222224,500,39000,850,1,1409,2097
0.35,1.9884366666666669,0.049563023333333324,0.01734705816666666,1.10956,0.0024622467872,500,39000,850,2,1437,1990
0.35,1.9015866666666668,0.05051974333333334,0.01768191016666667,1.0744033333333334,0.0023086850453555557,500,39000,850,3,1461,1906
0.35,1.8490733333333331,0.05131008333333333,0.017958529166666664,1.0532966666666665,0.0022188677360222217,500,39000,850,4,1474,1854
0.35,1.8995433333333331,0.052375493333333335,0.018331422666666666,0.9302066666666665,0.0017305688854222217,500,39000,850,5,148930000,850
0.35,2.1516066666666664,0.04833792666666667,0.016918274333333334,1.1162233333333333,0.0024919090597555556,500,30000,850,1,1334,2153
0.35,2.0456366666666668,0.04945567333333333,0.017309485666666666,1.0855433333333335,0.0023568086570888895,500,30000,850,2,1360,2051
0.35,1.9760866666666665,0.050397630000000006,0.017639170500000002,1.0645333333333333,0.0022664624355555555,500,30000,850,3,1384,1978
0.35,1.9229466666666666,0.05121615333333333,0.017925653666666663,1.0476866666666667,0.0021952947030222224,500,30000,850,4,1402,1928
0.35,1.87967,0.0519716,0.018190059999999997,1.0317866666666666,0.002129167451022222,500,30000,850,5,1420,1883
0.35,1.8815600000000001,0.05261166,0.018414081,0.9368533333333332,0.001755388336355555,500,31000,850,0,1279,1881
0.35,2.1411366666666667,0.04860495,0.017011732499999998,1.13144,0.0025603129471999998,500,31000,850,1,1351,2137
0.35,2.03937,0.04974282666666666,0.01740998933333333,1.0982866666666666,0.0024124672043555557,500,31000,850,2,1385,2043
0.35,1.9547233333333331,0.05070894333333333,0.017748130166666664,1.0713733333333335,0.0022956816387555566,500,31000,850,3,1415,1959
0.35,1.9005733333333332,0.05153282666666667,0.018036489333333332,1.0504266666666668,0.0022067923640888896,500,31000,850,4,1427,1903
0.35,1.8478633333333334,0.052273516666666665,0.018295730833333333,1.03123,0.0021268706258000007,500,31000,850,5,1440,1851
0.35,1.8907133333333335,0.05219166333333333,0.018267082166666664,0.9254633333333334,0.001712964762688889,500,32000,850,0,1260,1890
0.35,2.1571766666666665,0.04803601666666666,0.01681260583333333,1.1188066666666667,0.0025034567147555558,500,32000,850,1,1328,2152
0.35,2.050753333333333,0.049167176666666666,0.017208511833333332,1.0889266666666666,0.0023715225707555553,500,32000,850,2,1363,2055
0.35,1.97173,0.05016818333333333,0.017558864166666664,1.0657066666666666,0.0022714613987555553,500,32000,850,3,1391,1972
0.35,1.9113233333333335,0.051004146666666667,0.01785145133333333,1.04676,0.0021914129951999995,500,32000,850,4,1413,1914
0.35,1.86582,0.05177435666666667,0.018121024833333332,1.02973,0.0021206877458000003,500,32000,850,5,1431,1868
0.35,1.8646666666666667,0.05235268333333334,0.018323439166666667,0.93307,0.0017412392497999998,500,33000,850,0,1288,1866
0.35,2.1141699999999997,0.04842917,0.0169502095,1.1309333333333333,0.0025580204088888887,500,33000,850,1,1368,2116
0.35,2.012173333333333,0.049564359999999995,0.017347526,1.0959833333333335,0.0024023589338888897,500,33000,850,2,1398,2017
0.35,1.9303666666666668,0.05053316333333333,0.017686607166666667,1.0658533333333333,0.0022720866563555554,500,33000,850,3,1421,1937
0.35,1.8789299999999998,0.05133423333333333,0.017966981666666666,1.04552,0.0021862241407999998,500,33000,850,4,1437,1883
0.35,1.8311466666666665,0.05207358,0.018225753,1.0285333333333335,0.0021157616355555564,500,33000,850,5,1445,1835
0.35,1.8785933333333331,0.05199575666666666,0.018198514833333332,0.9201799999999999,0.0016934624647999997,500,34000,850,0,1256,1879
0.35,2.1521433333333335,0.04775288999999999,0.016713511499999997,1.1195966666666666,0.002506993392022222,500,34000,850,1,1333,2143
0.35,2.039516666666667,0.04892162,0.017122566999999998,1.08851,0.0023697080402000003,500,34000,850,2,1371,2046
0.35,1.9574266666666666,0.049923970000000005,0.017473389500000002,1.0653266666666668,0.0022698418134222227,500,34000,850,3,1406,1963
0.35,1.9067,0.050754563333333336,0.017764097166666666,1.0480966666666667,0.0021970132453555556,500,34000,850,4,1417,1911
0.35,1.8631166666666665,0.05152746,0.018034611,1.03251,0.0021321538002000004,500,34000,850,5,1433,1866
0.35,1.85775,0.05234865666666666,0.01832202983333333,0.9293,0.00172719698,500,35000,850,0,1290,1858
0.35,2.1184766666666666,0.04826680999999999,0.016893383499999998,1.1378533333333334,0.0025894204163555558,500,35000,850,1,1377,2117
0.35,2.0123466666666667,0.049432863333333334,0.017301502166666666,1.1013233333333334,0.0024258261690888894,500,35000,850,2,1402,2019
0.35,1.9325200000000002,0.050416416666666665,0.01764574583333333,1.07114,0.0022946817992,500,35000,850,3,1431,1935
0.35,1.8743866666666669,0.051229573333333334,0.017930350666666664,1.0498466666666666,0.002204356047022222,500,35000,850,4,1445,1880
0.35,1.8288233333333332,0.05197563,0.0181914705,1.0329866666666667,0.002134122907022222,500,35000,850,5,1461,1831
0.35,1.8703899999999998,0.052064193333333335,0.018222467666666665,0.9186166666666665,0.0016877131605555552,500,36000,850,0,1263,1871
0.35,2.144556666666667,0.04775289333333333,0.016713512666666666,1.12826,0.0025459412552000004,500,36000,850,1,1345,2144
0.35,2.0350066666666664,0.04896590333333334,0.017138066166666667,1.0955199999999998,0.0024003281407999994,500,36000,850,2,1385,2035
0.35,1.9495433333333334,0.049970933333333335,0.017489826666666666,1.0699633333333334,0.0022896430693555556,500,36000,850,3,1411,1953
0.35,1.8958066666666669,0.05081629000000001,0.0177857015,1.05072,0.0022080250368000003,500,36000,850,4,1432,1898
0.35,1.8462833333333333,0.05155295333333334,0.018043533666666667,1.03439,0.0021399253441999997,500,36000,850,5,1446,1850
0.35,1.8450733333333333,0.05237683666666667,0.018331892833333332,0.9280866666666666,0.001722689721688889,500,37000,850,0,1295,1845
0.35,2.11031,0.04834732,0.016921561999999998,1.1452799999999999,0.0026233325567999993,500,37000,850,1,1393,2107
0.35,1.99897,0.04952410666666667,0.017333437333333333,1.1054066666666666,0.0024438477974222223,500,37000,850,2,1424,2003
0.35,1.917703333333333,0.05048888333333334,0.017671109166666667,1.0723466666666666,0.002299854747022222,500,37000,850,3,1446,1918
0.35,1.861,0.05129129666666667,0.017951953833333336,1.0515299999999999,0.0022114306817999996,500,37000,850,4,1459,1865
0.35,1.8113166666666667,0.051983676666666666,0.018194286833333333,1.0329866666666667,0.002134122907022222,500,37000,850,5,1481,1818
0.35,1.8546366666666667,0.05211920666666667,0.01824172233333333,0.91812,0.0016858886688000002,500,38000,850,0,1277,1854
0.35,2.1359333333333335,0.04779717333333333,0.016729010666666665,1.1365,0.0025832645,500,38000,850,1,1367,2128
0.35,2.018843333333333,0.04901018666666667,0.017153565333333332,1.1004266666666667,0.002421877697422222,500,38000,850,2,1399,2024
0.35,1.9355766666666667,0.05000583,0.0175020405,1.07259,0.0023008986161999995,500,38000,850,3,1426,1940
0.35,1.8839933333333334,0.05083775666666667,0.017793214833333335,1.0536833333333335,0.0022204971338888897,500,38000,850,4,1443,1887
0.35,1.8385466666666666,0.05154624666666666,0.01804118633333333,1.0381333333333334,0.0021554416355555554,500,38000,850,5,1457,1844
0.35,1.8352966666666666,0.052544566666666674,0.018390598333333334,0.9256533333333333,0.0017136681870222222,500,39000,850,0,1300,1834
0.35,2.10971,0.04839026,0.016936590999999997,1.1550733333333334,0.002668388810755556,500,39000,850,1,1409,2103
0.35,1.9884166666666667,0.049579123333333336,0.017352693166666665,1.1101166666666666,0.002464718027222222,500,39000,850,2,1435,1995
0.35,1.9074966666666666,0.05053987333333334,0.01768895566666667,1.07564,0.0023140028192,500,39000,850,3,1459,1909
0.35,1.8503166666666668,0.05130337000000001,0.017956179500000002,1.0539100000000001,0.0022214525762000005,500,39000,850,4,1470,1856
0.35,1.8119699999999999,0.05183473999999999,0.018142158999999995,1.0381166666666666,0.002155372427222222,500,39000,850,5,1485,1814
0.35,1.8430133333333334,0.052343289999999994,0.018320151499999996,0.91886,0.0016886073992,500,40000,850,0,1288,1841
0.35,2.12095,0.04800649666666667,0.016802273833333332,1.1490133333333334,0.002640463280355556,500,40000,850,1,1387,2121
0.35,2.0000433333333336,0.049230246666666665,0.017230586333333332,1.1081933333333334,0.0024561849280888893,500,40000,850,2,1423,2009
0.35,1.9166766666666668,0.050215146666666675,0.017575301333333335,1.0750066666666667,0.0023112786667555552,500,40000,850,3,1446,1920
0.35,1.8620933333333332,0.051014880000000005,0.017855208,1.0534466666666666,0.0022194997590222225,500,40000,850,4,1463,1864
0.35,1.8196766666666664,0.05158649666666667,0.018055273833333333,1.037486666666667,0.002152757167022223,500,40000,850,5,1477,1824
0.35,1.8509533333333332,0.05198099333333333,0.018193347666666665,0.9077766666666666,0.0016481169530888887,500,41000,850,0,1261,1851
0.35,2.1443166666666666,0.04746573666666667,0.016613007833333332,1.1370133333333332,0.0025855986403555548,500,41000,850,1,1356,2138
0.35,2.0249966666666666,0.04869619666666666,0.01704366883333333,1.1023766666666666,0.0024304686304222217,500,41000,850,2,1398,2028
0.35,1.9406700000000001,0.04973075,0.017405762499999998,1.0744533333333333,0.0023088999310222217,500,41000,850,3,1428,1940
0.35,1.88113,0.05055865666666667,0.01769552983333333,1.0543866666666666,0.0022234624856888887,500,41000,850,4,1443,1884
0.35,1.8391433333333334,0.05116382,0.017907337,1.0379133333333332,0.002154528175022222,500,41000,850,5,1462,1839
0.35,1.8211566666666668,0.05243722,0.018353026999999997,0.9201600000000001,0.0016933888512000003,500,42000,850,0,1306,1821
0.35,2.0928299999999997,0.04830438333333333,0.016906534166666664,1.1580700000000002,0.0026822522498000006,500,42000,850,1,1420,2089
0.35,1.9695166666666666,0.049502639999999994,0.017325923999999996,1.10705,0.0024511194050000004,500,42000,850,2,1446,1972
0.35,1.8851266666666666,0.05043252333333333,0.017651383166666666,1.0712366666666666,0.002295095992022222,500,42000,850,3,1466,1887
0.35,1.8380133333333333,0.0511182,0.01789137,1.0513333333333332,0.0022106035555555553,500,42000,850,4,1482,1841
0.35,1.8121166666666666,0.05130069,0.0179552415,1.0346366666666666,0.0021409460640222223,500,42000,850,5,1477,1818
0.35,1.8275766666666666,0.05227888333333333,0.018297609166666666,0.9134100000000002,0.0016686356562000007,500,43000,850,0,1294,1827
0.35,2.106663333333333,0.047920620000000004,0.016772217,1.152,0.0026542079999999995,500,43000,850,1,1401,2105
0.35,1.9826866666666667,0.049165836666666664,0.017208042833333333,1.1059933333333332,0.0024464425067555547,500,43000,850,2,1438,1989
0.35,1.8984533333333333,0.050119876666666674,0.017541956833333334,1.0707699999999998,0.002293096785799999,500,43000,850,3,1456,1900
0.35,1.8433333333333335,0.050841783333333335,0.017794624166666665,1.0493566666666667,0.002202298827755556,500,43000,850,4,1474,1848
0.35,1.8170533333333332,0.05106855,0.017873992499999998,1.0326766666666665,0.0021328421957555544,500,43000,850,5,1471,1818
0.35,1.8989533333333333,0.052340603333333326,0.01831921116666666,0.9306966666666666,0.0017323925706888886,500,30000,850,0,1258,1903
0.35,2.1483666666666665,0.04835269,0.016923441499999997,1.11561,0.0024891713441999998,500,30000,850,1,1332,2143
0.35,2.0606299999999997,0.04942078333333333,0.017297274166666664,1.0879566666666667,0.002367299417088889,500,30000,850,2,1354,2061
0.35,1.98827,0.05036274999999999,0.017626962499999996,1.0684233333333333,0.002283056838422222,500,30000,850,3,1383,1993
0.35,1.9319166666666667,0.05119602333333333,0.017918608166666666,1.0504633333333333,0.0022069464293555554,500,30000,850,4,1400,1935
0.35,1.8835833333333334,0.05196892,0.018189122,1.0326833333333332,0.0021328697338888884,500,30000,850,5,1418,1884
0.35,1.8795866666666665,0.05256603333333334,0.018398111666666668,0.9375766666666667,0.0017581000117555558,500,31000,850,0,1283,1881
0.35,2.1247433333333334,0.04865594333333333,0.017029580166666666,1.1296633333333332,0.0025522784933555555,500,31000,850,1,1363,2128
0.35,2.0225133333333334,0.049771003333333334,0.017419851166666667,1.0954133333333331,0.002399860741688888,500,31000,850,2,1393,2031
0.35,1.94388,0.0507398,0.01775893,1.06728,0.0022781731968,500,31000,850,3,1411,1952
0.35,1.8871733333333331,0.05155966333333334,0.018045882166666666,1.0450533333333334,0.0021842729390222225,500,31000,850,4,1427,1891
0.35,1.8383366666666667,0.052301693333333336,0.018305592666666665,1.0269700000000002,0.0021093347618000003,500,31000,850,5,1445,1844
0.35,1.8854133333333334,0.05217019333333334,0.018259567666666667,0.9266166666666668,0.0017172368938888891,500,32000,850,0,1265,1886
0.35,2.1499566666666667,0.04807627333333333,0.016826695666666665,1.1178100000000002,0.002498998392200001,500,32000,850,1,1335,2143
0.35,2.0385666666666666,0.049220850000000003,0.0172272975,1.08668,0.0023617468448000004,500,32000,850,2,1365,2045
0.35,1.9634833333333332,0.050196363333333334,0.017568727166666666,1.0636366666666668,0.002262645917355556,500,32000,850,3,1395,1967
0.35,1.9072966666666666,0.05102427666666667,0.01785849683333333,1.0454133333333333,0.002185778075022222,500,32000,850,4,1411,1912
0.35,1.8636933333333332,0.051778380000000006,0.018122433,1.0295133333333333,0.002119795407022222,500,32000,850,5,1427,1866
0.35,1.8698433333333335,0.05241306333333332,0.018344572166666663,0.9325233333333335,0.001739199534422223,500,33000,850,0,1284,1869
0.35,2.131823333333333,0.04836744666666667,0.016928606333333332,1.1331333333333333,0.002567982302222222,500,33000,850,1,1366,2129
0.35,2.03166,0.04950398,0.017326393,1.09937,0.0024172287937999997,500,33000,850,2,1391,2035
0.35,1.9496099999999998,0.05047278333333333,0.017665474166666667,1.0726633333333335,0.0023012132533555565,500,33000,850,3,1417,1954
0.35,1.8961933333333334,0.05130203,0.0179557105,1.0525099999999998,0.0022155546001999993,500,33000,850,4,1433,1898
0.35,1.8504933333333333,0.052042723333333325,0.018214953166666662,1.0363566666666666,0.002148070281088889,500,33000,850,5,1453,1854
